"Language","Topic","Channel","Post copy","Tracked URL"
"ru","wifi","google_business_profile","Пропадает Wi-Fi или не хватает покрытия в квартире или небольшом офисе? Диагностируем сеть, настраиваем роутеры и Mesh в Варшаве. Опишите проблему — согласуем следующий шаг.","https://naserwis.pl/ru/naprawa-wifi/?utm_source=google_business_profile&utm_medium=organic&utm_campaign=non_pl_quick_2026_09&utm_content=ru_wifi"
"ru","wifi","facebook","Пропадает Wi-Fi или не хватает покрытия в квартире или небольшом офисе? Диагностируем сеть, настраиваем роутеры и Mesh в Варшаве. Опишите проблему — согласуем следующий шаг.","https://naserwis.pl/ru/naprawa-wifi/?utm_source=facebook&utm_medium=social&utm_campaign=non_pl_quick_2026_09&utm_content=ru_wifi"
"ru","wifi","telegram","Пропадает Wi-Fi или не хватает покрытия в квартире или небольшом офисе? Диагностируем сеть, настраиваем роутеры и Mesh в Варшаве. Опишите проблему — согласуем следующий шаг.","https://naserwis.pl/ru/naprawa-wifi/?utm_source=telegram&utm_medium=community&utm_campaign=non_pl_quick_2026_09&utm_content=ru_wifi"
"ru","network","google_business_profile","Нужно установить или отремонтировать LAN, розетку RJ45 или кабельную сеть в Варшаве? Пришлите краткое описание задачи — объём и условия согласуем до работ.","https://naserwis.pl/ru/naprawa-sieci/?utm_source=google_business_profile&utm_medium=organic&utm_campaign=non_pl_quick_2026_09&utm_content=ru_network"
"ru","network","facebook","Нужно установить или отремонтировать LAN, розетку RJ45 или кабельную сеть в Варшаве? Пришлите краткое описание задачи — объём и условия согласуем до работ.","https://naserwis.pl/ru/naprawa-sieci/?utm_source=facebook&utm_medium=social&utm_campaign=non_pl_quick_2026_09&utm_content=ru_network"
"ru","network","telegram","Нужно установить или отремонтировать LAN, розетку RJ45 или кабельную сеть в Варшаве? Пришлите краткое описание задачи — объём и условия согласуем до работ.","https://naserwis.pl/ru/naprawa-sieci/?utm_source=telegram&utm_medium=community&utm_campaign=non_pl_quick_2026_09&utm_content=ru_network"
"ru","general","google_business_profile","Нужна IT-помощь с выездом в Варшаве? Помогаем с сетями, Wi-Fi, компьютерами и настройкой оборудования дома и в небольших офисах. Консультация на русском языке.","https://naserwis.pl/ru/?utm_source=google_business_profile&utm_medium=organic&utm_campaign=non_pl_quick_2026_09&utm_content=ru_general"
"ru","general","facebook","Нужна IT-помощь с выездом в Варшаве? Помогаем с сетями, Wi-Fi, компьютерами и настройкой оборудования дома и в небольших офисах. Консультация на русском языке.","https://naserwis.pl/ru/?utm_source=facebook&utm_medium=social&utm_campaign=non_pl_quick_2026_09&utm_content=ru_general"
"ru","general","telegram","Нужна IT-помощь с выездом в Варшаве? Помогаем с сетями, Wi-Fi, компьютерами и настройкой оборудования дома и в небольших офисах. Консультация на русском языке.","https://naserwis.pl/ru/?utm_source=telegram&utm_medium=community&utm_campaign=non_pl_quick_2026_09&utm_content=ru_general"
"uk","wifi","google_business_profile","Зникає Wi-Fi або не вистачає покриття у квартирі чи невеликому офісі? Діагностуємо мережу, налаштовуємо роутери та Mesh у Варшаві. Опишіть проблему — погодимо наступний крок.","https://naserwis.pl/uk/naprawa-wifi/?utm_source=google_business_profile&utm_medium=organic&utm_campaign=non_pl_quick_2026_09&utm_content=uk_wifi"
"uk","wifi","facebook","Зникає Wi-Fi або не вистачає покриття у квартирі чи невеликому офісі? Діагностуємо мережу, налаштовуємо роутери та Mesh у Варшаві. Опишіть проблему — погодимо наступний крок.","https://naserwis.pl/uk/naprawa-wifi/?utm_source=facebook&utm_medium=social&utm_campaign=non_pl_quick_2026_09&utm_content=uk_wifi"
"uk","wifi","telegram","Зникає Wi-Fi або не вистачає покриття у квартирі чи невеликому офісі? Діагностуємо мережу, налаштовуємо роутери та Mesh у Варшаві. Опишіть проблему — погодимо наступний крок.","https://naserwis.pl/uk/naprawa-wifi/?utm_source=telegram&utm_medium=community&utm_campaign=non_pl_quick_2026_09&utm_content=uk_wifi"
"uk","network","google_business_profile","Потрібно встановити або відремонтувати LAN, розетку RJ45 чи кабельну мережу у Варшаві? Надішліть короткий опис — обсяг і умови погодимо до робіт.","https://naserwis.pl/uk/naprawa-sieci/?utm_source=google_business_profile&utm_medium=organic&utm_campaign=non_pl_quick_2026_09&utm_content=uk_network"
"uk","network","facebook","Потрібно встановити або відремонтувати LAN, розетку RJ45 чи кабельну мережу у Варшаві? Надішліть короткий опис — обсяг і умови погодимо до робіт.","https://naserwis.pl/uk/naprawa-sieci/?utm_source=facebook&utm_medium=social&utm_campaign=non_pl_quick_2026_09&utm_content=uk_network"
"uk","network","telegram","Потрібно встановити або відремонтувати LAN, розетку RJ45 чи кабельну мережу у Варшаві? Надішліть короткий опис — обсяг і умови погодимо до робіт.","https://naserwis.pl/uk/naprawa-sieci/?utm_source=telegram&utm_medium=community&utm_campaign=non_pl_quick_2026_09&utm_content=uk_network"
"uk","general","google_business_profile","Потрібна IT-допомога з виїздом у Варшаві? Допомагаємо з мережами, Wi-Fi, комп’ютерами та налаштуванням обладнання вдома й у невеликих офісах. Консультація українською.","https://naserwis.pl/uk/?utm_source=google_business_profile&utm_medium=organic&utm_campaign=non_pl_quick_2026_09&utm_content=uk_general"
"uk","general","facebook","Потрібна IT-допомога з виїздом у Варшаві? Допомагаємо з мережами, Wi-Fi, комп’ютерами та налаштуванням обладнання вдома й у невеликих офісах. Консультація українською.","https://naserwis.pl/uk/?utm_source=facebook&utm_medium=social&utm_campaign=non_pl_quick_2026_09&utm_content=uk_general"
"uk","general","telegram","Потрібна IT-допомога з виїздом у Варшаві? Допомагаємо з мережами, Wi-Fi, комп’ютерами та налаштуванням обладнання вдома й у невеликих офісах. Консультація українською.","https://naserwis.pl/uk/?utm_source=telegram&utm_medium=community&utm_campaign=non_pl_quick_2026_09&utm_content=uk_general"
"en","wifi","google_business_profile","Unstable Wi-Fi or poor coverage at home or in a small office? We diagnose networks and configure routers and Mesh systems in Warsaw. Describe the issue and we will agree the next step.","https://naserwis.pl/en/naprawa-wifi/?utm_source=google_business_profile&utm_medium=organic&utm_campaign=non_pl_quick_2026_09&utm_content=en_wifi"
"en","wifi","facebook","Unstable Wi-Fi or poor coverage at home or in a small office? We diagnose networks and configure routers and Mesh systems in Warsaw. Describe the issue and we will agree the next step.","https://naserwis.pl/en/naprawa-wifi/?utm_source=facebook&utm_medium=social&utm_campaign=non_pl_quick_2026_09&utm_content=en_wifi"
"en","wifi","telegram","Unstable Wi-Fi or poor coverage at home or in a small office? We diagnose networks and configure routers and Mesh systems in Warsaw. Describe the issue and we will agree the next step.","https://naserwis.pl/en/naprawa-wifi/?utm_source=telegram&utm_medium=community&utm_campaign=non_pl_quick_2026_09&utm_content=en_wifi"
"en","network","google_business_profile","Need LAN, RJ45 or network cabling installed or repaired in Warsaw? Send a short description of the job. We agree the scope and terms before work starts.","https://naserwis.pl/en/naprawa-sieci/?utm_source=google_business_profile&utm_medium=organic&utm_campaign=non_pl_quick_2026_09&utm_content=en_network"
"en","network","facebook","Need LAN, RJ45 or network cabling installed or repaired in Warsaw? Send a short description of the job. We agree the scope and terms before work starts.","https://naserwis.pl/en/naprawa-sieci/?utm_source=facebook&utm_medium=social&utm_campaign=non_pl_quick_2026_09&utm_content=en_network"
"en","network","telegram","Need LAN, RJ45 or network cabling installed or repaired in Warsaw? Send a short description of the job. We agree the scope and terms before work starts.","https://naserwis.pl/en/naprawa-sieci/?utm_source=telegram&utm_medium=community&utm_campaign=non_pl_quick_2026_09&utm_content=en_network"
"en","general","google_business_profile","Need on-site IT help in Warsaw? We support networks, Wi-Fi, computers and equipment setup for homes and small offices, with service available in English.","https://naserwis.pl/en/?utm_source=google_business_profile&utm_medium=organic&utm_campaign=non_pl_quick_2026_09&utm_content=en_general"
"en","general","facebook","Need on-site IT help in Warsaw? We support networks, Wi-Fi, computers and equipment setup for homes and small offices, with service available in English.","https://naserwis.pl/en/?utm_source=facebook&utm_medium=social&utm_campaign=non_pl_quick_2026_09&utm_content=en_general"
"en","general","telegram","Need on-site IT help in Warsaw? We support networks, Wi-Fi, computers and equipment setup for homes and small offices, with service available in English.","https://naserwis.pl/en/?utm_source=telegram&utm_medium=community&utm_campaign=non_pl_quick_2026_09&utm_content=en_general"
