"Campaign","Ad group","Status","Max CPC"
"SRCH-EN-A-CORE","WIFI-REPAIR","Enabled","3.00"
"SRCH-EN-A-CORE","LAN-INSTALL","Enabled","3.00"
"SRCH-EN-A-CORE","LAN-CCTV-REPAIR","Enabled","3.00"
"SRCH-EN-A-CORE","PC-LAPTOP-REPAIR","Enabled","3.00"
"SRCH-EN-A-CORE","IT-GENERAL","Enabled","3.00"
"SRCH-UK-A-CORE","WIFI-REPAIR","Enabled","3.00"
"SRCH-UK-A-CORE","LAN-INSTALL","Enabled","3.00"
"SRCH-UK-A-CORE","LAN-CCTV-REPAIR","Enabled","3.00"
"SRCH-UK-A-CORE","PC-LAPTOP-REPAIR","Enabled","3.00"
"SRCH-UK-A-CORE","IT-GENERAL","Enabled","3.00"
