"Campaign","Ad group","Status","Ad type","Final URL","Path 1","Path 2","Headline 1","Headline 2","Headline 3","Headline 4","Headline 5","Headline 6","Headline 7","Headline 8","Description 1","Description 2","Description 3","Description 4"
"SRCH-UK-A-CORE","WIFI-REPAIR","Enabled","Responsive search ad","https://naserwis.pl/uk/naprawa-wifi/","wifi","serwis","Ремонт Wi-Fi У Варшаві","Налаштування Роутера","Покращимо Покриття Wi-Fi","Встановлення Систем Mesh","Майстер З Виїздом","Діагностика Мережі Wi-Fi","Для Дому Та Офісу","Запишіться Телефоном","Діагностика Wi-Fi, роутера й покриття. Виїзд і час погодимо заздалегідь.","Налаштуємо роутер або Mesh удома чи в офісі. Умови підтвердимо до візиту.","Wi-Fi зникає або погано працює? Перевіримо мережу та запропонуємо рішення.","Допомога українською, польською, російською та англійською мовами."
"SRCH-UK-A-CORE","LAN-INSTALL","Enabled","Responsive search ad","https://naserwis.pl/uk/montaz-sieci/","lan","montaz","Монтаж Мережі LAN Варшава","Монтаж Кабельної Мережі","Встановлення Розеток RJ45","Монтаж Шафи RACK","Мережа LAN Для Офісу","Оцінка Після Консультації","Майстер З Виїздом","Замовте Огляд Об'єкта","Монтаж мереж LAN, розеток RJ45 і шаф RACK у Варшаві.","Попередня консультація телефоном. Вартість виїзду погодимо заздалегідь.","Мережі для квартир, офісів і приміщень. Обсяг і матеріали погодимо до робіт.","Зателефонуйте або надішліть опис об'єкта — запропонуємо наступний крок."
"SRCH-UK-A-CORE","LAN-CCTV-REPAIR","Enabled","Responsive search ad","https://naserwis.pl/uk/naprawa-sieci/","lan","naprawa","Ремонт Мережі LAN","Ремонт Кабельної Мережі","Діагностика Мережі Офісу","Ремонт Розеток RJ45","Сервіс Відеоспостереження","Виїзд По Варшаві","Умови До Візиту","Повідомте Про Аварію","Знаходимо несправності LAN, кабелів і розеток RJ45. Погоджуємо обсяг робіт.","Допомагаємо зі збоями мережі та відеоспостереження вдома чи в офісі.","Виїзд і час погодимо заздалегідь. Результат визначимо після діагностики.","Опишіть проблему у формі або зателефонуйте — погодимо наступний крок."
"SRCH-UK-A-CORE","PC-LAPTOP-REPAIR","Enabled","Responsive search ad","https://naserwis.pl/uk/","komputer","serwis","Ремонт Комп'ютерів Варшава","Сервіс Ноутбуків","Комп'ютер Працює Повільно?","Діагностика Комп'ютера","Майстер З Виїздом","Для Дому Та Офісу","Умови До Ремонту","Запишіться Телефоном","Діагностика комп'ютерів і ноутбуків. Обсяг та ціну підтвердимо до ремонту.","Комп'ютер працює повільно або зламався? Замовте діагностику у Варшаві.","Виїзд і час погодимо. Запчастини й додаткові роботи — тільки після згоди.","Зателефонуйте або опишіть проблему у формі — погодимо наступний крок."
"SRCH-UK-A-CORE","IT-GENERAL","Enabled","Responsive search ad","https://naserwis.pl/uk/","it","warszawa","IT Сервіс У Варшаві","IT Майстер З Виїздом","Допомога Для Дому Й Офісу","Мережі Wi-Fi Та Комп'ютери","Підтримка 4 Мовами","Час За Домовленістю","Зрозумілі Умови Роботи","Зв'яжіться Із Сервісом","IT-допомога з виїздом у Варшаві: мережі, Wi-Fi й налаштування обладнання.","Обслуговування українською, польською, російською та англійською.","Спочатку уточнимо задачу, потім підтвердимо обсяг та умови візиту.","Зателефонуйте, напишіть у месенджер або надішліть контактну форму."
"SRCH-EN-A-CORE","WIFI-REPAIR","Enabled","Responsive search ad","https://naserwis.pl/en/naprawa-wifi/","wifi","serwis","Wi-Fi Repair In Warsaw","Router Setup Service","Improve Your Wi-Fi Coverage","Mesh Wi-Fi Installation","On-Site Technician","Wi-Fi Network Diagnostics","For Homes And Offices","Book By Phone Or Form","We diagnose Wi-Fi, router and coverage issues. Visit and timing agreed in advance.","Router and Mesh setup for homes or offices. Clear terms before the visit.","Weak or unstable Wi-Fi? We will inspect the network and propose a solution.","Support in English, Polish, Ukrainian and Russian. Call or send the form."
"SRCH-EN-A-CORE","LAN-INSTALL","Enabled","Responsive search ad","https://naserwis.pl/en/montaz-sieci/","lan","montaz","LAN Installation Warsaw","Structured Network Cabling","RJ45 Socket Installation","RACK Cabinet Installation","Office LAN Installation","Quote After Consultation","On-Site Technician","Book A Site Inspection","LAN networks, RJ45 sockets and RACK cabinets installed across Warsaw.","Initial phone consultation. Any call-out fee is agreed before arrival.","Networks for homes, offices and premises. Scope and materials agreed first.","Call or send a short site description and we will propose the next step."
"SRCH-EN-A-CORE","LAN-CCTV-REPAIR","Enabled","Responsive search ad","https://naserwis.pl/en/naprawa-sieci/","lan","naprawa","LAN Network Repair","Network Cabling Service","Office Network Diagnostics","RJ45 Socket Repair","CCTV System Service","On-Site Across Warsaw","Clear Terms Before Visit","Report A Network Fault","We locate LAN, cabling and RJ45 faults. The work scope is agreed first.","Help with network and CCTV faults at homes, offices and commercial premises.","Visit and timing agreed in advance. Results depend on on-site diagnostics.","Describe the fault in the form or call us to agree the next step."
"SRCH-EN-A-CORE","PC-LAPTOP-REPAIR","Enabled","Responsive search ad","https://naserwis.pl/en/","komputer","serwis","Computer Repair Warsaw","Laptop Repair Service","Is Your Computer Slow?","Computer Diagnostics","On-Site Technician","For Homes And Offices","Terms Agreed Before Repair","Book By Phone Or Form","Computer and laptop diagnostics. Scope and price are confirmed before repair.","Slow computer or hardware fault? Arrange diagnostics and a Warsaw visit.","Visit and timing agreed first. Parts and extra work require your approval.","Call or describe the problem in the form and we will agree the next step."
"SRCH-EN-A-CORE","IT-GENERAL","Enabled","Responsive search ad","https://naserwis.pl/en/","it","warszawa","IT Service In Warsaw","On-Site IT Technician","IT Help For Home And Office","Networks Wi-Fi And Computers","Support In 4 Languages","Appointment By Agreement","Clear Service Terms","Contact Our IT Service","On-site IT help in Warsaw for networks, Wi-Fi and equipment setup.","Support in English, Polish, Ukrainian and Russian. Timing agreed in advance.","We first clarify the issue, then confirm the scope and visit terms.","Call, message us or send the contact form to arrange the next step."
