"Campaign","Ad group","Status","Final URL","Path 1","Path 2","Headline 1","Headline 2","Headline 3","Headline 4","Headline 5","Headline 6","Headline 7","Headline 8","Description 1","Description 2","Description 3","Description 4"
"SRCH-PL-A-CORE","WIFI-REPAIR","Paused","https://naserwis.pl/naprawa-wifi/","wifi","serwis","Naprawa Wi-Fi Warszawa","Konfiguracja Routera","Lepszy Zasięg Wi-Fi","Montaż Systemów Mesh","Serwis Z Dojazdem","Diagnoza Sieci Wi-Fi","Pomoc Dla Domu I Firmy","Umów Termin Telefonicznie","Diagnozujemy problemy z Wi-Fi, routerem i zasięgiem. Dojazd po uzgodnieniu.","Konfiguracja routera i Mesh w domu lub firmie. Jasne warunki przed wizytą.","Słaby zasięg albo zrywanie połączenia? Sprawdzimy sieć i zaproponujemy rozwiązanie.","Obsługa po polsku, ukraińsku, rosyjsku i angielsku. Zadzwoń lub wyślij formularz."
"SRCH-PL-A-CORE","LAN-INSTALL","Paused","https://naserwis.pl/montaz-sieci/","lan","montaz","Montaż Sieci LAN Warszawa","Okablowanie Strukturalne","Montaż Gniazd RJ45","Instalacja Szafy RACK","Sieć LAN Dla Firmy","Wycena Po Konsultacji","Serwis Z Dojazdem","Umów Oględziny Instalacji","Projektujemy i montujemy sieci LAN, gniazda RJ45 oraz szafy RACK w Warszawie.","Wstępna konsultacja telefoniczna. Koszt wizyty uzgadniamy przed przyjazdem.","Instalacje dla mieszkań, biur i lokali. Zakres i materiały potwierdzamy przed pracą.","Termin ustalamy indywidualnie. Zadzwoń albo prześlij krótki opis instalacji."
"SRCH-PL-A-CORE","LAN-CCTV-REPAIR","Paused","https://naserwis.pl/naprawa-sieci/","lan","naprawa","Naprawa Sieci LAN","Serwis Okablowania","Diagnostyka Sieci Firmowej","Naprawa Gniazd RJ45","Serwis Monitoringu CCTV","Dojazd Na Terenie Warszawy","Jasne Warunki Wizyty","Zgłoś Awarię Sieci","Lokalizujemy usterki LAN, okablowania i gniazd RJ45. Zakres ustalamy przed pracą.","Pomagamy przy awariach sieci i monitoringu CCTV w domu, biurze lub lokalu.","Dojazd i termin po uzgodnieniu. Bez obietnic naprawy przed wykonaniem diagnozy.","Opisz problem w formularzu albo zadzwoń. Odpowiemy i ustalimy następny krok."
"SRCH-PL-A-CORE","PC-LAPTOP-REPAIR","Paused","https://naserwis.pl/","komputer","serwis","Naprawa Komputerów Warszawa","Serwis Laptopów","Komputer Działa Wolno?","Diagnostyka Komputera","Serwis Z Dojazdem","Pomoc Dla Domu I Firmy","Warunki Przed Naprawą","Umów Termin Telefonicznie","Diagnozujemy komputery i laptopy. Zakres oraz koszt potwierdzamy przed naprawą.","Wolny komputer lub awaria sprzętu? Umów diagnostykę i wizytę w Warszawie.","Dojazd i termin po uzgodnieniu. Części i dodatkowe prace wymagają akceptacji.","Zadzwoń albo opisz problem w formularzu. Ustalimy właściwy następny krok."
"SRCH-PL-A-CORE","IT-GENERAL","Paused","https://naserwis.pl/","it","warszawa","Serwis IT Warszawa","Informatyk Z Dojazdem","Pomoc IT Dla Domu I Firmy","Wsparcie Sieci I Komputerów","Obsługa W 4 Językach","Termin Po Uzgodnieniu","Przejrzyste Warunki Usługi","Skontaktuj Się Z Serwisem","Pomoc IT z dojazdem w Warszawie: sieci, Wi-Fi i konfiguracja sprzętu.","Obsługa po polsku, ukraińsku, rosyjsku i angielsku. Termin po uzgodnieniu.","Najpierw poznajemy problem, potem potwierdzamy zakres i warunki wizyty.","Zadzwoń, napisz na komunikatorze lub wyślij formularz kontaktowy."
"SRCH-PL-B-WARSAW-FAR","WIFI-REPAIR","Paused","https://naserwis.pl/naprawa-wifi/","wifi","serwis","Naprawa Wi-Fi Warszawa","Konfiguracja Routera","Lepszy Zasięg Wi-Fi","Montaż Systemów Mesh","Serwis Z Dojazdem","Diagnoza Sieci Wi-Fi","Pomoc Dla Domu I Firmy","Umów Termin Telefonicznie","Diagnozujemy problemy z Wi-Fi, routerem i zasięgiem. Dojazd po uzgodnieniu.","Konfiguracja routera i Mesh w domu lub firmie. Jasne warunki przed wizytą.","Słaby zasięg albo zrywanie połączenia? Sprawdzimy sieć i zaproponujemy rozwiązanie.","Obsługa po polsku, ukraińsku, rosyjsku i angielsku. Zadzwoń lub wyślij formularz."
"SRCH-PL-B-WARSAW-FAR","LAN-INSTALL","Paused","https://naserwis.pl/montaz-sieci/","lan","montaz","Montaż Sieci LAN Warszawa","Okablowanie Strukturalne","Montaż Gniazd RJ45","Instalacja Szafy RACK","Sieć LAN Dla Firmy","Wycena Po Konsultacji","Serwis Z Dojazdem","Umów Oględziny Instalacji","Projektujemy i montujemy sieci LAN, gniazda RJ45 oraz szafy RACK w Warszawie.","Wstępna konsultacja telefoniczna. Koszt wizyty uzgadniamy przed przyjazdem.","Instalacje dla mieszkań, biur i lokali. Zakres i materiały potwierdzamy przed pracą.","Termin ustalamy indywidualnie. Zadzwoń albo prześlij krótki opis instalacji."
"SRCH-PL-B-WARSAW-FAR","LAN-CCTV-REPAIR","Paused","https://naserwis.pl/naprawa-sieci/","lan","naprawa","Naprawa Sieci LAN","Serwis Okablowania","Diagnostyka Sieci Firmowej","Naprawa Gniazd RJ45","Serwis Monitoringu CCTV","Dojazd Na Terenie Warszawy","Jasne Warunki Wizyty","Zgłoś Awarię Sieci","Lokalizujemy usterki LAN, okablowania i gniazd RJ45. Zakres ustalamy przed pracą.","Pomagamy przy awariach sieci i monitoringu CCTV w domu, biurze lub lokalu.","Dojazd i termin po uzgodnieniu. Bez obietnic naprawy przed wykonaniem diagnozy.","Opisz problem w formularzu albo zadzwoń. Odpowiemy i ustalimy następny krok."
"SRCH-PL-B-WARSAW-FAR","PC-LAPTOP-REPAIR","Paused","https://naserwis.pl/","komputer","serwis","Naprawa Komputerów Warszawa","Serwis Laptopów","Komputer Działa Wolno?","Diagnostyka Komputera","Serwis Z Dojazdem","Pomoc Dla Domu I Firmy","Warunki Przed Naprawą","Umów Termin Telefonicznie","Diagnozujemy komputery i laptopy. Zakres oraz koszt potwierdzamy przed naprawą.","Wolny komputer lub awaria sprzętu? Umów diagnostykę i wizytę w Warszawie.","Dojazd i termin po uzgodnieniu. Części i dodatkowe prace wymagają akceptacji.","Zadzwoń albo opisz problem w formularzu. Ustalimy właściwy następny krok."
"SRCH-PL-B-WARSAW-FAR","IT-GENERAL","Paused","https://naserwis.pl/","it","warszawa","Serwis IT Warszawa","Informatyk Z Dojazdem","Pomoc IT Dla Domu I Firmy","Wsparcie Sieci I Komputerów","Obsługa W 4 Językach","Termin Po Uzgodnieniu","Przejrzyste Warunki Usługi","Skontaktuj Się Z Serwisem","Pomoc IT z dojazdem w Warszawie: sieci, Wi-Fi i konfiguracja sprzętu.","Obsługa po polsku, ukraińsku, rosyjsku i angielsku. Termin po uzgodnieniu.","Najpierw poznajemy problem, potem potwierdzamy zakres i warunki wizyty.","Zadzwoń, napisz na komunikatorze lub wyślij formularz kontaktowy."
"SRCH-PL-C-OUTSIDE","WIFI-REPAIR","Paused","https://naserwis.pl/naprawa-wifi/","wifi","serwis","Naprawa Wi-Fi Warszawa","Konfiguracja Routera","Lepszy Zasięg Wi-Fi","Montaż Systemów Mesh","Serwis Z Dojazdem","Diagnoza Sieci Wi-Fi","Pomoc Dla Domu I Firmy","Umów Termin Telefonicznie","Diagnozujemy problemy z Wi-Fi, routerem i zasięgiem. Dojazd po uzgodnieniu.","Konfiguracja routera i Mesh w domu lub firmie. Jasne warunki przed wizytą.","Słaby zasięg albo zrywanie połączenia? Sprawdzimy sieć i zaproponujemy rozwiązanie.","Obsługa po polsku, ukraińsku, rosyjsku i angielsku. Zadzwoń lub wyślij formularz."
"SRCH-PL-C-OUTSIDE","LAN-INSTALL","Paused","https://naserwis.pl/montaz-sieci/","lan","montaz","Montaż Sieci LAN Warszawa","Okablowanie Strukturalne","Montaż Gniazd RJ45","Instalacja Szafy RACK","Sieć LAN Dla Firmy","Wycena Po Konsultacji","Serwis Z Dojazdem","Umów Oględziny Instalacji","Projektujemy i montujemy sieci LAN, gniazda RJ45 oraz szafy RACK w Warszawie.","Wstępna konsultacja telefoniczna. Koszt wizyty uzgadniamy przed przyjazdem.","Instalacje dla mieszkań, biur i lokali. Zakres i materiały potwierdzamy przed pracą.","Termin ustalamy indywidualnie. Zadzwoń albo prześlij krótki opis instalacji."
"SRCH-PL-C-OUTSIDE","LAN-CCTV-REPAIR","Paused","https://naserwis.pl/naprawa-sieci/","lan","naprawa","Naprawa Sieci LAN","Serwis Okablowania","Diagnostyka Sieci Firmowej","Naprawa Gniazd RJ45","Serwis Monitoringu CCTV","Dojazd Na Terenie Warszawy","Jasne Warunki Wizyty","Zgłoś Awarię Sieci","Lokalizujemy usterki LAN, okablowania i gniazd RJ45. Zakres ustalamy przed pracą.","Pomagamy przy awariach sieci i monitoringu CCTV w domu, biurze lub lokalu.","Dojazd i termin po uzgodnieniu. Bez obietnic naprawy przed wykonaniem diagnozy.","Opisz problem w formularzu albo zadzwoń. Odpowiemy i ustalimy następny krok."
"SRCH-PL-C-OUTSIDE","PC-LAPTOP-REPAIR","Paused","https://naserwis.pl/","komputer","serwis","Naprawa Komputerów Warszawa","Serwis Laptopów","Komputer Działa Wolno?","Diagnostyka Komputera","Serwis Z Dojazdem","Pomoc Dla Domu I Firmy","Warunki Przed Naprawą","Umów Termin Telefonicznie","Diagnozujemy komputery i laptopy. Zakres oraz koszt potwierdzamy przed naprawą.","Wolny komputer lub awaria sprzętu? Umów diagnostykę i wizytę w Warszawie.","Dojazd i termin po uzgodnieniu. Części i dodatkowe prace wymagają akceptacji.","Zadzwoń albo opisz problem w formularzu. Ustalimy właściwy następny krok."
"SRCH-PL-C-OUTSIDE","IT-GENERAL","Paused","https://naserwis.pl/","it","warszawa","Serwis IT Warszawa","Informatyk Z Dojazdem","Pomoc IT Dla Domu I Firmy","Wsparcie Sieci I Komputerów","Obsługa W 4 Językach","Termin Po Uzgodnieniu","Przejrzyste Warunki Usługi","Skontaktuj Się Z Serwisem","Pomoc IT z dojazdem w Warszawie: sieci, Wi-Fi i konfiguracja sprzętu.","Obsługa po polsku, ukraińsku, rosyjsku i angielsku. Termin po uzgodnieniu.","Najpierw poznajemy problem, potem potwierdzamy zakres i warunki wizyty.","Zadzwoń, napisz na komunikatorze lub wyślij formularz kontaktowy."
"SRCH-RU-A-CORE","WIFI-REPAIR","Paused","https://naserwis.pl/ru/naprawa-wifi/","wifi","serwis","Ремонт Wi-Fi В Варшаве","Настройка Роутера","Усилим Покрытие Wi-Fi","Установка Систем Mesh","Мастер С Выездом","Диагностика Сети Wi-Fi","Для Дома И Офиса","Запишитесь По Телефону","Диагностика Wi-Fi, роутера и покрытия. Выезд и время согласуем заранее.","Настроим роутер или Mesh дома и в офисе. Условия подтвердим до визита.","Wi-Fi пропадает или плохо ловит? Проверим сеть и предложим решение.","Помощь на русском, украинском, польском и английском языках."
"SRCH-RU-A-CORE","LAN-INSTALL","Paused","https://naserwis.pl/ru/montaz-sieci/","lan","montaz","Монтаж Сети LAN Варшава","Монтаж Кабельной Сети","Установка Розеток RJ45","Монтаж Шкафа RACK","Сеть LAN Для Офиса","Расчёт После Консультации","Мастер С Выездом","Закажите Осмотр Объекта","Монтаж сетей LAN, розеток RJ45 и шкафов RACK в Варшаве.","Предварительная консультация по телефону. Выезд согласуем заранее.","Сети для квартир, офисов и помещений. Объём и материалы подтвердим до работ.","Позвоните или отправьте описание объекта — предложим следующий шаг."
"SRCH-RU-A-CORE","LAN-CCTV-REPAIR","Paused","https://naserwis.pl/ru/naprawa-sieci/","lan","naprawa","Ремонт Сети LAN","Ремонт Кабельной Сети","Диагностика Сети Офиса","Ремонт Розеток RJ45","Сервис Видеонаблюдения","Выезд По Варшаве","Условия До Визита","Сообщите Об Аварии","Находим неисправности LAN, кабелей и розеток RJ45. Согласуем объём работ.","Помогаем при сбоях сети и видеонаблюдения дома, в офисе или помещении.","Выезд и время согласуем заранее. Результат определим после диагностики.","Опишите проблему в форме или позвоните — согласуем следующий шаг."
"SRCH-RU-A-CORE","PC-LAPTOP-REPAIR","Paused","https://naserwis.pl/ru/","komputer","serwis","Ремонт Компьютеров Варшава","Сервис Ноутбуков","Компьютер Медленно Работает?","Диагностика Компьютера","Мастер С Выездом","Для Дома И Офиса","Условия До Ремонта","Запишитесь По Телефону","Диагностика компьютеров и ноутбуков. Объём и цену подтвердим до ремонта.","Компьютер работает медленно или сломался? Закажите диагностику в Варшаве.","Выезд и время согласуем заранее. Запчасти и допработы — только после согласия.","Позвоните или опишите проблему в форме — согласуем следующий шаг."
"SRCH-RU-A-CORE","IT-GENERAL","Paused","https://naserwis.pl/ru/","it","warszawa","IT Сервис В Варшаве","IT Мастер С Выездом","Помощь Для Дома И Офиса","Сети Wi-Fi И Компьютеры","Поддержка На 4 Языках","Время По Согласованию","Понятные Условия Работы","Свяжитесь С Сервисом","IT-помощь с выездом в Варшаве: сети, Wi-Fi и настройка оборудования.","Обслуживание на русском, украинском, польском и английском языках.","Сначала уточним задачу, затем подтвердим объём и условия визита.","Позвоните, напишите в мессенджер или отправьте контактную форму."
"SRCH-RU-B-WARSAW-FAR","WIFI-REPAIR","Paused","https://naserwis.pl/ru/naprawa-wifi/","wifi","serwis","Ремонт Wi-Fi В Варшаве","Настройка Роутера","Усилим Покрытие Wi-Fi","Установка Систем Mesh","Мастер С Выездом","Диагностика Сети Wi-Fi","Для Дома И Офиса","Запишитесь По Телефону","Диагностика Wi-Fi, роутера и покрытия. Выезд и время согласуем заранее.","Настроим роутер или Mesh дома и в офисе. Условия подтвердим до визита.","Wi-Fi пропадает или плохо ловит? Проверим сеть и предложим решение.","Помощь на русском, украинском, польском и английском языках."
"SRCH-RU-B-WARSAW-FAR","LAN-INSTALL","Paused","https://naserwis.pl/ru/montaz-sieci/","lan","montaz","Монтаж Сети LAN Варшава","Монтаж Кабельной Сети","Установка Розеток RJ45","Монтаж Шкафа RACK","Сеть LAN Для Офиса","Расчёт После Консультации","Мастер С Выездом","Закажите Осмотр Объекта","Монтаж сетей LAN, розеток RJ45 и шкафов RACK в Варшаве.","Предварительная консультация по телефону. Выезд согласуем заранее.","Сети для квартир, офисов и помещений. Объём и материалы подтвердим до работ.","Позвоните или отправьте описание объекта — предложим следующий шаг."
"SRCH-RU-B-WARSAW-FAR","LAN-CCTV-REPAIR","Paused","https://naserwis.pl/ru/naprawa-sieci/","lan","naprawa","Ремонт Сети LAN","Ремонт Кабельной Сети","Диагностика Сети Офиса","Ремонт Розеток RJ45","Сервис Видеонаблюдения","Выезд По Варшаве","Условия До Визита","Сообщите Об Аварии","Находим неисправности LAN, кабелей и розеток RJ45. Согласуем объём работ.","Помогаем при сбоях сети и видеонаблюдения дома, в офисе или помещении.","Выезд и время согласуем заранее. Результат определим после диагностики.","Опишите проблему в форме или позвоните — согласуем следующий шаг."
"SRCH-RU-B-WARSAW-FAR","PC-LAPTOP-REPAIR","Paused","https://naserwis.pl/ru/","komputer","serwis","Ремонт Компьютеров Варшава","Сервис Ноутбуков","Компьютер Медленно Работает?","Диагностика Компьютера","Мастер С Выездом","Для Дома И Офиса","Условия До Ремонта","Запишитесь По Телефону","Диагностика компьютеров и ноутбуков. Объём и цену подтвердим до ремонта.","Компьютер работает медленно или сломался? Закажите диагностику в Варшаве.","Выезд и время согласуем заранее. Запчасти и допработы — только после согласия.","Позвоните или опишите проблему в форме — согласуем следующий шаг."
"SRCH-RU-B-WARSAW-FAR","IT-GENERAL","Paused","https://naserwis.pl/ru/","it","warszawa","IT Сервис В Варшаве","IT Мастер С Выездом","Помощь Для Дома И Офиса","Сети Wi-Fi И Компьютеры","Поддержка На 4 Языках","Время По Согласованию","Понятные Условия Работы","Свяжитесь С Сервисом","IT-помощь с выездом в Варшаве: сети, Wi-Fi и настройка оборудования.","Обслуживание на русском, украинском, польском и английском языках.","Сначала уточним задачу, затем подтвердим объём и условия визита.","Позвоните, напишите в мессенджер или отправьте контактную форму."
"SRCH-RU-C-OUTSIDE","WIFI-REPAIR","Paused","https://naserwis.pl/ru/naprawa-wifi/","wifi","serwis","Ремонт Wi-Fi В Варшаве","Настройка Роутера","Усилим Покрытие Wi-Fi","Установка Систем Mesh","Мастер С Выездом","Диагностика Сети Wi-Fi","Для Дома И Офиса","Запишитесь По Телефону","Диагностика Wi-Fi, роутера и покрытия. Выезд и время согласуем заранее.","Настроим роутер или Mesh дома и в офисе. Условия подтвердим до визита.","Wi-Fi пропадает или плохо ловит? Проверим сеть и предложим решение.","Помощь на русском, украинском, польском и английском языках."
"SRCH-RU-C-OUTSIDE","LAN-INSTALL","Paused","https://naserwis.pl/ru/montaz-sieci/","lan","montaz","Монтаж Сети LAN Варшава","Монтаж Кабельной Сети","Установка Розеток RJ45","Монтаж Шкафа RACK","Сеть LAN Для Офиса","Расчёт После Консультации","Мастер С Выездом","Закажите Осмотр Объекта","Монтаж сетей LAN, розеток RJ45 и шкафов RACK в Варшаве.","Предварительная консультация по телефону. Выезд согласуем заранее.","Сети для квартир, офисов и помещений. Объём и материалы подтвердим до работ.","Позвоните или отправьте описание объекта — предложим следующий шаг."
"SRCH-RU-C-OUTSIDE","LAN-CCTV-REPAIR","Paused","https://naserwis.pl/ru/naprawa-sieci/","lan","naprawa","Ремонт Сети LAN","Ремонт Кабельной Сети","Диагностика Сети Офиса","Ремонт Розеток RJ45","Сервис Видеонаблюдения","Выезд По Варшаве","Условия До Визита","Сообщите Об Аварии","Находим неисправности LAN, кабелей и розеток RJ45. Согласуем объём работ.","Помогаем при сбоях сети и видеонаблюдения дома, в офисе или помещении.","Выезд и время согласуем заранее. Результат определим после диагностики.","Опишите проблему в форме или позвоните — согласуем следующий шаг."
"SRCH-RU-C-OUTSIDE","PC-LAPTOP-REPAIR","Paused","https://naserwis.pl/ru/","komputer","serwis","Ремонт Компьютеров Варшава","Сервис Ноутбуков","Компьютер Медленно Работает?","Диагностика Компьютера","Мастер С Выездом","Для Дома И Офиса","Условия До Ремонта","Запишитесь По Телефону","Диагностика компьютеров и ноутбуков. Объём и цену подтвердим до ремонта.","Компьютер работает медленно или сломался? Закажите диагностику в Варшаве.","Выезд и время согласуем заранее. Запчасти и допработы — только после согласия.","Позвоните или опишите проблему в форме — согласуем следующий шаг."
"SRCH-RU-C-OUTSIDE","IT-GENERAL","Paused","https://naserwis.pl/ru/","it","warszawa","IT Сервис В Варшаве","IT Мастер С Выездом","Помощь Для Дома И Офиса","Сети Wi-Fi И Компьютеры","Поддержка На 4 Языках","Время По Согласованию","Понятные Условия Работы","Свяжитесь С Сервисом","IT-помощь с выездом в Варшаве: сети, Wi-Fi и настройка оборудования.","Обслуживание на русском, украинском, польском и английском языках.","Сначала уточним задачу, затем подтвердим объём и условия визита.","Позвоните, напишите в мессенджер или отправьте контактную форму."
"SRCH-UK-A-CORE","WIFI-REPAIR","Paused","https://naserwis.pl/uk/naprawa-wifi/","wifi","serwis","Ремонт Wi-Fi У Варшаві","Налаштування Роутера","Покращимо Покриття Wi-Fi","Встановлення Систем Mesh","Майстер З Виїздом","Діагностика Мережі Wi-Fi","Для Дому Та Офісу","Запишіться Телефоном","Діагностика Wi-Fi, роутера й покриття. Виїзд і час погодимо заздалегідь.","Налаштуємо роутер або Mesh удома чи в офісі. Умови підтвердимо до візиту.","Wi-Fi зникає або погано працює? Перевіримо мережу та запропонуємо рішення.","Допомога українською, польською, російською та англійською мовами."
"SRCH-UK-A-CORE","LAN-INSTALL","Paused","https://naserwis.pl/uk/montaz-sieci/","lan","montaz","Монтаж Мережі LAN Варшава","Монтаж Кабельної Мережі","Встановлення Розеток RJ45","Монтаж Шафи RACK","Мережа LAN Для Офісу","Оцінка Після Консультації","Майстер З Виїздом","Замовте Огляд Об'єкта","Монтаж мереж LAN, розеток RJ45 і шаф RACK у Варшаві.","Попередня консультація телефоном. Вартість виїзду погодимо заздалегідь.","Мережі для квартир, офісів і приміщень. Обсяг і матеріали погодимо до робіт.","Зателефонуйте або надішліть опис об'єкта — запропонуємо наступний крок."
"SRCH-UK-A-CORE","LAN-CCTV-REPAIR","Paused","https://naserwis.pl/uk/naprawa-sieci/","lan","naprawa","Ремонт Мережі LAN","Ремонт Кабельної Мережі","Діагностика Мережі Офісу","Ремонт Розеток RJ45","Сервіс Відеоспостереження","Виїзд По Варшаві","Умови До Візиту","Повідомте Про Аварію","Знаходимо несправності LAN, кабелів і розеток RJ45. Погоджуємо обсяг робіт.","Допомагаємо зі збоями мережі та відеоспостереження вдома чи в офісі.","Виїзд і час погодимо заздалегідь. Результат визначимо після діагностики.","Опишіть проблему у формі або зателефонуйте — погодимо наступний крок."
"SRCH-UK-A-CORE","PC-LAPTOP-REPAIR","Paused","https://naserwis.pl/uk/","komputer","serwis","Ремонт Комп'ютерів Варшава","Сервіс Ноутбуків","Комп'ютер Працює Повільно?","Діагностика Комп'ютера","Майстер З Виїздом","Для Дому Та Офісу","Умови До Ремонту","Запишіться Телефоном","Діагностика комп'ютерів і ноутбуків. Обсяг та ціну підтвердимо до ремонту.","Комп'ютер працює повільно або зламався? Замовте діагностику у Варшаві.","Виїзд і час погодимо. Запчастини й додаткові роботи — тільки після згоди.","Зателефонуйте або опишіть проблему у формі — погодимо наступний крок."
"SRCH-UK-A-CORE","IT-GENERAL","Paused","https://naserwis.pl/uk/","it","warszawa","IT Сервіс У Варшаві","IT Майстер З Виїздом","Допомога Для Дому Й Офісу","Мережі Wi-Fi Та Комп'ютери","Підтримка 4 Мовами","Час За Домовленістю","Зрозумілі Умови Роботи","Зв'яжіться Із Сервісом","IT-допомога з виїздом у Варшаві: мережі, Wi-Fi й налаштування обладнання.","Обслуговування українською, польською, російською та англійською.","Спочатку уточнимо задачу, потім підтвердимо обсяг та умови візиту.","Зателефонуйте, напишіть у месенджер або надішліть контактну форму."
"SRCH-UK-B-WARSAW-FAR","WIFI-REPAIR","Paused","https://naserwis.pl/uk/naprawa-wifi/","wifi","serwis","Ремонт Wi-Fi У Варшаві","Налаштування Роутера","Покращимо Покриття Wi-Fi","Встановлення Систем Mesh","Майстер З Виїздом","Діагностика Мережі Wi-Fi","Для Дому Та Офісу","Запишіться Телефоном","Діагностика Wi-Fi, роутера й покриття. Виїзд і час погодимо заздалегідь.","Налаштуємо роутер або Mesh удома чи в офісі. Умови підтвердимо до візиту.","Wi-Fi зникає або погано працює? Перевіримо мережу та запропонуємо рішення.","Допомога українською, польською, російською та англійською мовами."
"SRCH-UK-B-WARSAW-FAR","LAN-INSTALL","Paused","https://naserwis.pl/uk/montaz-sieci/","lan","montaz","Монтаж Мережі LAN Варшава","Монтаж Кабельної Мережі","Встановлення Розеток RJ45","Монтаж Шафи RACK","Мережа LAN Для Офісу","Оцінка Після Консультації","Майстер З Виїздом","Замовте Огляд Об'єкта","Монтаж мереж LAN, розеток RJ45 і шаф RACK у Варшаві.","Попередня консультація телефоном. Вартість виїзду погодимо заздалегідь.","Мережі для квартир, офісів і приміщень. Обсяг і матеріали погодимо до робіт.","Зателефонуйте або надішліть опис об'єкта — запропонуємо наступний крок."
"SRCH-UK-B-WARSAW-FAR","LAN-CCTV-REPAIR","Paused","https://naserwis.pl/uk/naprawa-sieci/","lan","naprawa","Ремонт Мережі LAN","Ремонт Кабельної Мережі","Діагностика Мережі Офісу","Ремонт Розеток RJ45","Сервіс Відеоспостереження","Виїзд По Варшаві","Умови До Візиту","Повідомте Про Аварію","Знаходимо несправності LAN, кабелів і розеток RJ45. Погоджуємо обсяг робіт.","Допомагаємо зі збоями мережі та відеоспостереження вдома чи в офісі.","Виїзд і час погодимо заздалегідь. Результат визначимо після діагностики.","Опишіть проблему у формі або зателефонуйте — погодимо наступний крок."
"SRCH-UK-B-WARSAW-FAR","PC-LAPTOP-REPAIR","Paused","https://naserwis.pl/uk/","komputer","serwis","Ремонт Комп'ютерів Варшава","Сервіс Ноутбуків","Комп'ютер Працює Повільно?","Діагностика Комп'ютера","Майстер З Виїздом","Для Дому Та Офісу","Умови До Ремонту","Запишіться Телефоном","Діагностика комп'ютерів і ноутбуків. Обсяг та ціну підтвердимо до ремонту.","Комп'ютер працює повільно або зламався? Замовте діагностику у Варшаві.","Виїзд і час погодимо. Запчастини й додаткові роботи — тільки після згоди.","Зателефонуйте або опишіть проблему у формі — погодимо наступний крок."
"SRCH-UK-B-WARSAW-FAR","IT-GENERAL","Paused","https://naserwis.pl/uk/","it","warszawa","IT Сервіс У Варшаві","IT Майстер З Виїздом","Допомога Для Дому Й Офісу","Мережі Wi-Fi Та Комп'ютери","Підтримка 4 Мовами","Час За Домовленістю","Зрозумілі Умови Роботи","Зв'яжіться Із Сервісом","IT-допомога з виїздом у Варшаві: мережі, Wi-Fi й налаштування обладнання.","Обслуговування українською, польською, російською та англійською.","Спочатку уточнимо задачу, потім підтвердимо обсяг та умови візиту.","Зателефонуйте, напишіть у месенджер або надішліть контактну форму."
"SRCH-UK-C-OUTSIDE","WIFI-REPAIR","Paused","https://naserwis.pl/uk/naprawa-wifi/","wifi","serwis","Ремонт Wi-Fi У Варшаві","Налаштування Роутера","Покращимо Покриття Wi-Fi","Встановлення Систем Mesh","Майстер З Виїздом","Діагностика Мережі Wi-Fi","Для Дому Та Офісу","Запишіться Телефоном","Діагностика Wi-Fi, роутера й покриття. Виїзд і час погодимо заздалегідь.","Налаштуємо роутер або Mesh удома чи в офісі. Умови підтвердимо до візиту.","Wi-Fi зникає або погано працює? Перевіримо мережу та запропонуємо рішення.","Допомога українською, польською, російською та англійською мовами."
"SRCH-UK-C-OUTSIDE","LAN-INSTALL","Paused","https://naserwis.pl/uk/montaz-sieci/","lan","montaz","Монтаж Мережі LAN Варшава","Монтаж Кабельної Мережі","Встановлення Розеток RJ45","Монтаж Шафи RACK","Мережа LAN Для Офісу","Оцінка Після Консультації","Майстер З Виїздом","Замовте Огляд Об'єкта","Монтаж мереж LAN, розеток RJ45 і шаф RACK у Варшаві.","Попередня консультація телефоном. Вартість виїзду погодимо заздалегідь.","Мережі для квартир, офісів і приміщень. Обсяг і матеріали погодимо до робіт.","Зателефонуйте або надішліть опис об'єкта — запропонуємо наступний крок."
"SRCH-UK-C-OUTSIDE","LAN-CCTV-REPAIR","Paused","https://naserwis.pl/uk/naprawa-sieci/","lan","naprawa","Ремонт Мережі LAN","Ремонт Кабельної Мережі","Діагностика Мережі Офісу","Ремонт Розеток RJ45","Сервіс Відеоспостереження","Виїзд По Варшаві","Умови До Візиту","Повідомте Про Аварію","Знаходимо несправності LAN, кабелів і розеток RJ45. Погоджуємо обсяг робіт.","Допомагаємо зі збоями мережі та відеоспостереження вдома чи в офісі.","Виїзд і час погодимо заздалегідь. Результат визначимо після діагностики.","Опишіть проблему у формі або зателефонуйте — погодимо наступний крок."
"SRCH-UK-C-OUTSIDE","PC-LAPTOP-REPAIR","Paused","https://naserwis.pl/uk/","komputer","serwis","Ремонт Комп'ютерів Варшава","Сервіс Ноутбуків","Комп'ютер Працює Повільно?","Діагностика Комп'ютера","Майстер З Виїздом","Для Дому Та Офісу","Умови До Ремонту","Запишіться Телефоном","Діагностика комп'ютерів і ноутбуків. Обсяг та ціну підтвердимо до ремонту.","Комп'ютер працює повільно або зламався? Замовте діагностику у Варшаві.","Виїзд і час погодимо. Запчастини й додаткові роботи — тільки після згоди.","Зателефонуйте або опишіть проблему у формі — погодимо наступний крок."
"SRCH-UK-C-OUTSIDE","IT-GENERAL","Paused","https://naserwis.pl/uk/","it","warszawa","IT Сервіс У Варшаві","IT Майстер З Виїздом","Допомога Для Дому Й Офісу","Мережі Wi-Fi Та Комп'ютери","Підтримка 4 Мовами","Час За Домовленістю","Зрозумілі Умови Роботи","Зв'яжіться Із Сервісом","IT-допомога з виїздом у Варшаві: мережі, Wi-Fi й налаштування обладнання.","Обслуговування українською, польською, російською та англійською.","Спочатку уточнимо задачу, потім підтвердимо обсяг та умови візиту.","Зателефонуйте, напишіть у месенджер або надішліть контактну форму."
"SRCH-EN-A-CORE","WIFI-REPAIR","Paused","https://naserwis.pl/en/naprawa-wifi/","wifi","serwis","Wi-Fi Repair In Warsaw","Router Setup Service","Improve Your Wi-Fi Coverage","Mesh Wi-Fi Installation","On-Site Technician","Wi-Fi Network Diagnostics","For Homes And Offices","Book By Phone Or Form","We diagnose Wi-Fi, router and coverage issues. Visit and timing agreed in advance.","Router and Mesh setup for homes or offices. Clear terms before the visit.","Weak or unstable Wi-Fi? We will inspect the network and propose a solution.","Support in English, Polish, Ukrainian and Russian. Call or send the form."
"SRCH-EN-A-CORE","LAN-INSTALL","Paused","https://naserwis.pl/en/montaz-sieci/","lan","montaz","LAN Installation Warsaw","Structured Network Cabling","RJ45 Socket Installation","RACK Cabinet Installation","Office LAN Installation","Quote After Consultation","On-Site Technician","Book A Site Inspection","LAN networks, RJ45 sockets and RACK cabinets installed across Warsaw.","Initial phone consultation. Any call-out fee is agreed before arrival.","Networks for homes, offices and premises. Scope and materials agreed first.","Call or send a short site description and we will propose the next step."
"SRCH-EN-A-CORE","LAN-CCTV-REPAIR","Paused","https://naserwis.pl/en/naprawa-sieci/","lan","naprawa","LAN Network Repair","Network Cabling Service","Office Network Diagnostics","RJ45 Socket Repair","CCTV System Service","On-Site Across Warsaw","Clear Terms Before Visit","Report A Network Fault","We locate LAN, cabling and RJ45 faults. The work scope is agreed first.","Help with network and CCTV faults at homes, offices and commercial premises.","Visit and timing agreed in advance. Results depend on on-site diagnostics.","Describe the fault in the form or call us to agree the next step."
"SRCH-EN-A-CORE","PC-LAPTOP-REPAIR","Paused","https://naserwis.pl/en/","komputer","serwis","Computer Repair Warsaw","Laptop Repair Service","Is Your Computer Slow?","Computer Diagnostics","On-Site Technician","For Homes And Offices","Terms Agreed Before Repair","Book By Phone Or Form","Computer and laptop diagnostics. Scope and price are confirmed before repair.","Slow computer or hardware fault? Arrange diagnostics and a Warsaw visit.","Visit and timing agreed first. Parts and extra work require your approval.","Call or describe the problem in the form and we will agree the next step."
"SRCH-EN-A-CORE","IT-GENERAL","Paused","https://naserwis.pl/en/","it","warszawa","IT Service In Warsaw","On-Site IT Technician","IT Help For Home And Office","Networks Wi-Fi And Computers","Support In 4 Languages","Appointment By Agreement","Clear Service Terms","Contact Our IT Service","On-site IT help in Warsaw for networks, Wi-Fi and equipment setup.","Support in English, Polish, Ukrainian and Russian. Timing agreed in advance.","We first clarify the issue, then confirm the scope and visit terms.","Call, message us or send the contact form to arrange the next step."
"SRCH-EN-B-WARSAW-FAR","WIFI-REPAIR","Paused","https://naserwis.pl/en/naprawa-wifi/","wifi","serwis","Wi-Fi Repair In Warsaw","Router Setup Service","Improve Your Wi-Fi Coverage","Mesh Wi-Fi Installation","On-Site Technician","Wi-Fi Network Diagnostics","For Homes And Offices","Book By Phone Or Form","We diagnose Wi-Fi, router and coverage issues. Visit and timing agreed in advance.","Router and Mesh setup for homes or offices. Clear terms before the visit.","Weak or unstable Wi-Fi? We will inspect the network and propose a solution.","Support in English, Polish, Ukrainian and Russian. Call or send the form."
"SRCH-EN-B-WARSAW-FAR","LAN-INSTALL","Paused","https://naserwis.pl/en/montaz-sieci/","lan","montaz","LAN Installation Warsaw","Structured Network Cabling","RJ45 Socket Installation","RACK Cabinet Installation","Office LAN Installation","Quote After Consultation","On-Site Technician","Book A Site Inspection","LAN networks, RJ45 sockets and RACK cabinets installed across Warsaw.","Initial phone consultation. Any call-out fee is agreed before arrival.","Networks for homes, offices and premises. Scope and materials agreed first.","Call or send a short site description and we will propose the next step."
"SRCH-EN-B-WARSAW-FAR","LAN-CCTV-REPAIR","Paused","https://naserwis.pl/en/naprawa-sieci/","lan","naprawa","LAN Network Repair","Network Cabling Service","Office Network Diagnostics","RJ45 Socket Repair","CCTV System Service","On-Site Across Warsaw","Clear Terms Before Visit","Report A Network Fault","We locate LAN, cabling and RJ45 faults. The work scope is agreed first.","Help with network and CCTV faults at homes, offices and commercial premises.","Visit and timing agreed in advance. Results depend on on-site diagnostics.","Describe the fault in the form or call us to agree the next step."
"SRCH-EN-B-WARSAW-FAR","PC-LAPTOP-REPAIR","Paused","https://naserwis.pl/en/","komputer","serwis","Computer Repair Warsaw","Laptop Repair Service","Is Your Computer Slow?","Computer Diagnostics","On-Site Technician","For Homes And Offices","Terms Agreed Before Repair","Book By Phone Or Form","Computer and laptop diagnostics. Scope and price are confirmed before repair.","Slow computer or hardware fault? Arrange diagnostics and a Warsaw visit.","Visit and timing agreed first. Parts and extra work require your approval.","Call or describe the problem in the form and we will agree the next step."
"SRCH-EN-B-WARSAW-FAR","IT-GENERAL","Paused","https://naserwis.pl/en/","it","warszawa","IT Service In Warsaw","On-Site IT Technician","IT Help For Home And Office","Networks Wi-Fi And Computers","Support In 4 Languages","Appointment By Agreement","Clear Service Terms","Contact Our IT Service","On-site IT help in Warsaw for networks, Wi-Fi and equipment setup.","Support in English, Polish, Ukrainian and Russian. Timing agreed in advance.","We first clarify the issue, then confirm the scope and visit terms.","Call, message us or send the contact form to arrange the next step."
"SRCH-EN-C-OUTSIDE","WIFI-REPAIR","Paused","https://naserwis.pl/en/naprawa-wifi/","wifi","serwis","Wi-Fi Repair In Warsaw","Router Setup Service","Improve Your Wi-Fi Coverage","Mesh Wi-Fi Installation","On-Site Technician","Wi-Fi Network Diagnostics","For Homes And Offices","Book By Phone Or Form","We diagnose Wi-Fi, router and coverage issues. Visit and timing agreed in advance.","Router and Mesh setup for homes or offices. Clear terms before the visit.","Weak or unstable Wi-Fi? We will inspect the network and propose a solution.","Support in English, Polish, Ukrainian and Russian. Call or send the form."
"SRCH-EN-C-OUTSIDE","LAN-INSTALL","Paused","https://naserwis.pl/en/montaz-sieci/","lan","montaz","LAN Installation Warsaw","Structured Network Cabling","RJ45 Socket Installation","RACK Cabinet Installation","Office LAN Installation","Quote After Consultation","On-Site Technician","Book A Site Inspection","LAN networks, RJ45 sockets and RACK cabinets installed across Warsaw.","Initial phone consultation. Any call-out fee is agreed before arrival.","Networks for homes, offices and premises. Scope and materials agreed first.","Call or send a short site description and we will propose the next step."
"SRCH-EN-C-OUTSIDE","LAN-CCTV-REPAIR","Paused","https://naserwis.pl/en/naprawa-sieci/","lan","naprawa","LAN Network Repair","Network Cabling Service","Office Network Diagnostics","RJ45 Socket Repair","CCTV System Service","On-Site Across Warsaw","Clear Terms Before Visit","Report A Network Fault","We locate LAN, cabling and RJ45 faults. The work scope is agreed first.","Help with network and CCTV faults at homes, offices and commercial premises.","Visit and timing agreed in advance. Results depend on on-site diagnostics.","Describe the fault in the form or call us to agree the next step."
"SRCH-EN-C-OUTSIDE","PC-LAPTOP-REPAIR","Paused","https://naserwis.pl/en/","komputer","serwis","Computer Repair Warsaw","Laptop Repair Service","Is Your Computer Slow?","Computer Diagnostics","On-Site Technician","For Homes And Offices","Terms Agreed Before Repair","Book By Phone Or Form","Computer and laptop diagnostics. Scope and price are confirmed before repair.","Slow computer or hardware fault? Arrange diagnostics and a Warsaw visit.","Visit and timing agreed first. Parts and extra work require your approval.","Call or describe the problem in the form and we will agree the next step."
"SRCH-EN-C-OUTSIDE","IT-GENERAL","Paused","https://naserwis.pl/en/","it","warszawa","IT Service In Warsaw","On-Site IT Technician","IT Help For Home And Office","Networks Wi-Fi And Computers","Support In 4 Languages","Appointment By Agreement","Clear Service Terms","Contact Our IT Service","On-site IT help in Warsaw for networks, Wi-Fi and equipment setup.","Support in English, Polish, Ukrainian and Russian. Timing agreed in advance.","We first clarify the issue, then confirm the scope and visit terms.","Call, message us or send the contact form to arrange the next step."
